Provincia;Provincia_normalizada;Capital;Municipio_catalogo;Fuente
Albacete;albacete;Albacete;Albacete;INE Tabla 2919 (Capitales de provincia), https://www.ine.es/jaxiT3/files/t/csv_bdsc/2919.csv
Alicante/Alacant;alicante alacant;Alacant/Alicante;Alicante/Alacant;INE Tabla 2919 (Capitales de provincia), https://www.ine.es/jaxiT3/files/t/csv_bdsc/2919.csv
Almería;almeria;Almería;Almería;INE Tabla 2919 (Capitales de provincia), https://www.ine.es/jaxiT3/files/t/csv_bdsc/2919.csv
Ávila;avila;Ávila;Ávila;INE Tabla 2919 (Capitales de provincia), https://www.ine.es/jaxiT3/files/t/csv_bdsc/2919.csv
Badajoz;badajoz;Badajoz;Badajoz;INE Tabla 2919 (Capitales de provincia), https://www.ine.es/jaxiT3/files/t/csv_bdsc/2919.csv
Illes Balears;illes balears;Palma;Palma;INE Tabla 2919 (Capitales de provincia), https://www.ine.es/jaxiT3/files/t/csv_bdsc/2919.csv
Barcelona;barcelona;Barcelona;Barcelona;INE Tabla 2919 (Capitales de provincia), https://www.ine.es/jaxiT3/files/t/csv_bdsc/2919.csv
Bizkaia;bizkaia;Bilbao;Bilbao;INE Tabla 2919 (Capitales de provincia), https://www.ine.es/jaxiT3/files/t/csv_bdsc/2919.csv
Burgos;burgos;Burgos;Burgos;INE Tabla 2919 (Capitales de provincia), https://www.ine.es/jaxiT3/files/t/csv_bdsc/2919.csv
Cáceres;caceres;Cáceres;Cáceres;INE Tabla 2919 (Capitales de provincia), https://www.ine.es/jaxiT3/files/t/csv_bdsc/2919.csv
Cádiz;cadiz;Cádiz;Cádiz;INE Tabla 2919 (Capitales de provincia), https://www.ine.es/jaxiT3/files/t/csv_bdsc/2919.csv
Cantabria;cantabria;Santander;Santander;INE Tabla 2919 (Capitales de provincia), https://www.ine.es/jaxiT3/files/t/csv_bdsc/2919.csv
Castellón/Castelló;castellon castello;Castelló de la Plana/Castellón de la Plana;Castellón de la Plana/Castelló de la Plana;INE Tabla 2919 (Capitales de provincia), https://www.ine.es/jaxiT3/files/t/csv_bdsc/2919.csv
Ciudad Real;ciudad real;Ciudad Real;Ciudad Real;INE Tabla 2919 (Capitales de provincia), https://www.ine.es/jaxiT3/files/t/csv_bdsc/2919.csv
Córdoba;cordoba;Córdoba;Córdoba;INE Tabla 2919 (Capitales de provincia), https://www.ine.es/jaxiT3/files/t/csv_bdsc/2919.csv
A Coruña;a coruna;A Coruña;Coruña, A;INE Tabla 2919 (Capitales de provincia), https://www.ine.es/jaxiT3/files/t/csv_bdsc/2919.csv
Cuenca;cuenca;Cuenca;Cuenca;INE Tabla 2919 (Capitales de provincia), https://www.ine.es/jaxiT3/files/t/csv_bdsc/2919.csv
Gipuzkoa;gipuzkoa;Donostia/San Sebastián;Donostia/San Sebastián;INE Tabla 2919 (Capitales de provincia), https://www.ine.es/jaxiT3/files/t/csv_bdsc/2919.csv
Girona;girona;Girona;Girona;INE Tabla 2919 (Capitales de provincia), https://www.ine.es/jaxiT3/files/t/csv_bdsc/2919.csv
Granada;granada;Granada;Granada;INE Tabla 2919 (Capitales de provincia), https://www.ine.es/jaxiT3/files/t/csv_bdsc/2919.csv
Guadalajara;guadalajara;Guadalajara;Guadalajara;INE Tabla 2919 (Capitales de provincia), https://www.ine.es/jaxiT3/files/t/csv_bdsc/2919.csv
Huelva;huelva;Huelva;Huelva;INE Tabla 2919 (Capitales de provincia), https://www.ine.es/jaxiT3/files/t/csv_bdsc/2919.csv
Huesca;huesca;Huesca;Huesca;INE Tabla 2919 (Capitales de provincia), https://www.ine.es/jaxiT3/files/t/csv_bdsc/2919.csv
Jaén;jaen;Jaén;Jaén;INE Tabla 2919 (Capitales de provincia), https://www.ine.es/jaxiT3/files/t/csv_bdsc/2919.csv
León;leon;León;León;INE Tabla 2919 (Capitales de provincia), https://www.ine.es/jaxiT3/files/t/csv_bdsc/2919.csv
Lleida;lleida;Lleida;Lleida;INE Tabla 2919 (Capitales de provincia), https://www.ine.es/jaxiT3/files/t/csv_bdsc/2919.csv
Lugo;lugo;Lugo;Lugo;INE Tabla 2919 (Capitales de provincia), https://www.ine.es/jaxiT3/files/t/csv_bdsc/2919.csv
Madrid;madrid;Madrid;Madrid;INE Tabla 2919 (Capitales de provincia), https://www.ine.es/jaxiT3/files/t/csv_bdsc/2919.csv
Málaga;malaga;Málaga;Málaga;INE Tabla 2919 (Capitales de provincia), https://www.ine.es/jaxiT3/files/t/csv_bdsc/2919.csv
Murcia;murcia;Murcia;Murcia;INE Tabla 2919 (Capitales de provincia), https://www.ine.es/jaxiT3/files/t/csv_bdsc/2919.csv
Navarra;navarra;Pamplona/Iruña;Pamplona/Iruña;INE Tabla 2919 (Capitales de provincia), https://www.ine.es/jaxiT3/files/t/csv_bdsc/2919.csv
Ourense;ourense;Ourense;Ourense;INE Tabla 2919 (Capitales de provincia), https://www.ine.es/jaxiT3/files/t/csv_bdsc/2919.csv
Asturias;asturias;Oviedo;Oviedo;INE Tabla 2919 (Capitales de provincia), https://www.ine.es/jaxiT3/files/t/csv_bdsc/2919.csv
Palencia;palencia;Palencia;Palencia;INE Tabla 2919 (Capitales de provincia), https://www.ine.es/jaxiT3/files/t/csv_bdsc/2919.csv
Las Palmas;las palmas;Las Palmas de Gran Canaria;Las Palmas de Gran Canaria;INE Tabla 2919 (Capitales de provincia), https://www.ine.es/jaxiT3/files/t/csv_bdsc/2919.csv
Pontevedra;pontevedra;Pontevedra;Pontevedra;INE Tabla 2919 (Capitales de provincia), https://www.ine.es/jaxiT3/files/t/csv_bdsc/2919.csv
La Rioja;la rioja;Logroño;Logroño;INE Tabla 2919 (Capitales de provincia), https://www.ine.es/jaxiT3/files/t/csv_bdsc/2919.csv
Salamanca;salamanca;Salamanca;Salamanca;INE Tabla 2919 (Capitales de provincia), https://www.ine.es/jaxiT3/files/t/csv_bdsc/2919.csv
Santa Cruz de Tenerife;santa cruz de tenerife;Santa Cruz de Tenerife;Santa Cruz de Tenerife;INE Tabla 2919 (Capitales de provincia), https://www.ine.es/jaxiT3/files/t/csv_bdsc/2919.csv
Segovia;segovia;Segovia;Segovia;INE Tabla 2919 (Capitales de provincia), https://www.ine.es/jaxiT3/files/t/csv_bdsc/2919.csv
Sevilla;sevilla;Sevilla;Sevilla;INE Tabla 2919 (Capitales de provincia), https://www.ine.es/jaxiT3/files/t/csv_bdsc/2919.csv
Soria;soria;Soria;Soria;INE Tabla 2919 (Capitales de provincia), https://www.ine.es/jaxiT3/files/t/csv_bdsc/2919.csv
Tarragona;tarragona;Tarragona;Tarragona;INE Tabla 2919 (Capitales de provincia), https://www.ine.es/jaxiT3/files/t/csv_bdsc/2919.csv
Teruel;teruel;Teruel;Teruel;INE Tabla 2919 (Capitales de provincia), https://www.ine.es/jaxiT3/files/t/csv_bdsc/2919.csv
Toledo;toledo;Toledo;Toledo;INE Tabla 2919 (Capitales de provincia), https://www.ine.es/jaxiT3/files/t/csv_bdsc/2919.csv
Valencia/València;valencia valencia;València/Valencia;Valencia;INE Tabla 2919 (Capitales de provincia), https://www.ine.es/jaxiT3/files/t/csv_bdsc/2919.csv
Valladolid;valladolid;Valladolid;Valladolid;INE Tabla 2919 (Capitales de provincia), https://www.ine.es/jaxiT3/files/t/csv_bdsc/2919.csv
Álava;alava;Vitoria-Gasteiz;Vitoria-Gasteiz;INE Tabla 2919 (Capitales de provincia), https://www.ine.es/jaxiT3/files/t/csv_bdsc/2919.csv
Zamora;zamora;Zamora;Zamora;INE Tabla 2919 (Capitales de provincia), https://www.ine.es/jaxiT3/files/t/csv_bdsc/2919.csv
Zaragoza;zaragoza;Zaragoza;Zaragoza;INE Tabla 2919 (Capitales de provincia), https://www.ine.es/jaxiT3/files/t/csv_bdsc/2919.csv
Ceuta;ceuta;Ceuta;Ceuta;INE Tabla 2919 (Capitales de provincia), https://www.ine.es/jaxiT3/files/t/csv_bdsc/2919.csv
Melilla;melilla;Melilla;Melilla;INE Tabla 2919 (Capitales de provincia), https://www.ine.es/jaxiT3/files/t/csv_bdsc/2919.csv
